[{"model": "api.genericuser", "pk": 1, "fields": {"password": "pbkdf2_sha256$870000$M4ZX5gt3VfNe0zijR54HeA$0NRClA/iP2aN21l0L3OdAB4p/MgtVeWhlWrf6/8Uo7k=", "last_login": null, "is_superuser": false, "email": "ahmad@fusst.com", "name": "Ahmad", "user_type": "ins", "is_active": true, "is_staff": false, "groups": [], "user_permissions": []}}, {"model": "api.genericuser", "pk": 2, "fields": {"password": "pbkdf2_sha256$870000$bX9VPBNML64wkelIIUsiJa$sHGZTO04hL238Wade+JSKnVMn1CD94CLhO69RqQGZDw=", "last_login": null, "is_superuser": false, "email": "ayesha@fusst.com", "name": "Ayesha", "user_type": "ins", "is_active": true, "is_staff": false, "groups": [], "user_permissions": []}}, {"model": "api.genericuser", "pk": 3, "fields": {"password": "pbkdf2_sha256$870000$hI47QGXzfG4xW4l7asxz9t$aQ97xmRM1rHDmSdUcrpaa8hXYFjksAOD9YsHcKzbV9E=", "last_login": null, "is_superuser": false, "email": "bilal@fusst.com", "name": "Bilal", "user_type": "ins", "is_active": true, "is_staff": false, "groups": [], "user_permissions": []}}, {"model": "api.genericuser", "pk": 4, "fields": {"password": "pbkdf2_sha256$870000$Udb49M6i4tzA0te5WzPtwt$R1IrLGVW2A+Ud9lCAKXKrVrfwVotlgnMGRwxPkuUETE=", "last_login": null, "is_superuser": false, "email": "fatima@fusst.com", "name": "Fatima", "user_type": "ins", "is_active": true, "is_staff": false, "groups": [], "user_permissions": []}}, {"model": "api.genericuser", "pk": 5, "fields": {"password": "pbkdf2_sha256$870000$kz7rYWf7kZOHAs5APeNfRG$Iset/D3SjcBzAt9KTyzDGE7eceJdgVPWHnaG8QG2fQA=", "last_login": null, "is_superuser": false, "email": "hassan@fusst.com", "name": "Hassan", "user_type": "ins", "is_active": true, "is_staff": false, "groups": [], "user_permissions": []}}, {"model": "api.genericuser", "pk": 6, "fields": {"password": "pbkdf2_sha256$870000$xtmRjrYCkLLTlzqpmOEL4X$Caf11gbnzlxF9jw73gysSosMc6bUSiH2lFmN3DPS2wk=", "last_login": null, "is_superuser": false, "email": "khadija@fusst.com", "name": "Khadija", "user_type": "ins", "is_active": true, "is_staff": false, "groups": [], "user_permissions": []}}, {"model": "api.genericuser", "pk": 7, "fields": {"password": "pbkdf2_sha256$870000$tMCOm5QmtaaVUmxD1XdfMP$XVPwW9w7d9AQFjUZItvqW3W1FKfFFTRVEeAClSUavZE=", "last_login": null, "is_superuser": false, "email": "mohammad@fusst.com", "name": "Mohammad", "user_type": "ins", "is_active": true, "is_staff": false, "groups": [], "user_permissions": []}}, {"model": "api.genericuser", "pk": 8, "fields": {"password": "pbkdf2_sha256$870000$zDBoR59zh7NrhyNUqkRPnd$WJQbZ85hrLSphaFodF3jEJ9jq2mQUnluTkvzgyn4VRM=", "last_login": null, "is_superuser": false, "email": "nadia@fusst.com", "name": "Nadia", "user_type": "ins", "is_active": true, "is_staff": false, "groups": [], "user_permissions": []}}, {"model": "api.genericuser", "pk": 9, "fields": {"password": "pbkdf2_sha256$870000$HxaMnSTN2nFzNkNFWu83E1$bJfNgvgyEu2VhlbNWSmPXSDMgmnDwsZSdsgJV884Jtw=", "last_login": null, "is_superuser": false, "email": "omar@fusst.com", "name": "Omar", "user_type": "ins", "is_active": true, "is_staff": false, "groups": [], "user_permissions": []}}, {"model": "api.genericuser", "pk": 10, "fields": {"password": "pbkdf2_sha256$870000$USdvVniC2OQ0mi084FFZwt$XX6zi5zwGSRdYs09mGt5kKFSmgroVL4M3QiPSUyLvvY=", "last_login": null, "is_superuser": false, "email": "zainab@fusst.com", "name": "Zainab", "user_type": "ins", "is_active": true, "is_staff": false, "groups": [], "user_permissions": []}}, {"model": "api.genericuser", "pk": 11, "fields": {"password": "pbkdf2_sha256$870000$EyCpyDWodj77JsiBytEFf5$nezgkz9OlC4w4P+10i4duV1Lq9StV2amNi2Kp5x0bt0=", "last_login": null, "is_superuser": false, "email": "t@g.com", "name": "t@g.com", "user_type": "ins", "is_active": true, "is_staff": false, "groups": [], "user_permissions": []}}, {"model": "api.authority", "pk": 1, "fields": {"authority": "HOD"}}, {"model": "api.authority", "pk": 2, "fields": {"authority": "Program Manager"}}, {"model": "api.authority", "pk": 3, "fields": {"authority": "Timetable Manager"}}, {"model": "api.instructor", "pk": 1, "fields": {"user": 1, "bio": null, "profile_picture": null, "degree": null, "expertise": ["Software Project Management", "Computer Networks Theory", "Introduction to Software Engineering", "Operating Systems"], "teaching_experience": null, "is_visiting": false, "time_slots": null, "course_preferences": ["Data Structures & Algorithms", "Computer Networks Lab", "Mobile Computing", "Introduction to Software Engineering"], "authority": 1, "taken_credit_hours": 0, "gender": null}}, {"model": "api.instructor", "pk": 2, "fields": {"user": 2, "bio": null, "profile_picture": null, "degree": null, "expertise": ["Introduction to Software Engineering", "Computer Networks Theory"], "teaching_experience": null, "is_visiting": false, "time_slots": null, "course_preferences": ["Computer Networks Lab"], "authority": 2, "taken_credit_hours": 0, "gender": null}}, {"model": "api.instructor", "pk": 3, "fields": {"user": 3, "bio": null, "profile_picture": null, "degree": null, "expertise": [], "teaching_experience": null, "is_visiting": false, "time_slots": null, "course_preferences": [], "authority": 3, "taken_credit_hours": 0, "gender": null}}, {"model": "api.instructor", "pk": 4, "fields": {"user": 4, "bio": null, "profile_picture": null, "degree": null, "expertise": ["Operating Systems", "Software Project Management"], "teaching_experience": null, "is_visiting": false, "time_slots": null, "course_preferences": ["Computer Networks Lab", "Data Structures & Algorithms"], "authority": null, "taken_credit_hours": 3, "gender": null}}, {"model": "api.instructor", "pk": 5, "fields": {"user": 5, "bio": null, "profile_picture": null, "degree": null, "expertise": ["Artificial Intelligence", "Web Engineering Lab", "Mobile Computing", "Software Project Management", "Operating Systems"], "teaching_experience": null, "is_visiting": false, "time_slots": null, "course_preferences": [], "authority": null, "taken_credit_hours": 2, "gender": null}}, {"model": "api.instructor", "pk": 6, "fields": {"user": 6, "bio": null, "profile_picture": null, "degree": null, "expertise": ["Data Structures & Algorithms", "Artificial Intelligence", "Web Engineering Lab", "Mobile Computing", "Computer Networks Theory"], "teaching_experience": null, "is_visiting": false, "time_slots": null, "course_preferences": [], "authority": null, "taken_credit_hours": 1, "gender": null}}, {"model": "api.instructor", "pk": 7, "fields": {"user": 7, "bio": null, "profile_picture": null, "degree": null, "expertise": ["Artificial Intelligence", "Mobile Computing"], "teaching_experience": null, "is_visiting": false, "time_slots": null, "course_preferences": ["Data Structures & Algorithms"], "authority": null, "taken_credit_hours": 8, "gender": null}}, {"model": "api.instructor", "pk": 8, "fields": {"user": 8, "bio": null, "profile_picture": null, "degree": null, "expertise": ["Computer Networks Theory", "Data Structures & Algorithms"], "teaching_experience": null, "is_visiting": false, "time_slots": null, "course_preferences": ["Mobile Computing", "Operating Systems", "Software Project Management", "Data Structures & Algorithms"], "authority": null, "taken_credit_hours": 8, "gender": null}}, {"model": "api.instructor", "pk": 9, "fields": {"user": 9, "bio": null, "profile_picture": null, "degree": null, "expertise": ["Operating Systems", "Computer Networks Lab", "Database Management Systems", "Introduction to Software Engineering", "Artificial Intelligence"], "teaching_experience": null, "is_visiting": false, "time_slots": null, "course_preferences": ["Web Engineering Lab", "Introduction to Software Engineering", "Computer Networks Lab", "Computer Networks Theory", "Mobile Computing"], "authority": null, "taken_credit_hours": 6, "gender": null}}, {"model": "api.instructor", "pk": 10, "fields": {"user": 10, "bio": null, "profile_picture": null, "degree": null, "expertise": ["Computer Networks Theory", "Web Engineering Lab", "Database Management Systems", "Mobile Computing", "Computer Networks Lab"], "teaching_experience": null, "is_visiting": false, "time_slots": null, "course_preferences": ["Mobile Computing"], "authority": null, "taken_credit_hours": 9, "gender": null}}, {"model": "api.instructor", "pk": 11, "fields": {"user": 11, "bio": null, "profile_picture": null, "degree": null, "expertise": [], "teaching_experience": null, "is_visiting": false, "time_slots": null, "course_preferences": [], "authority": null, "taken_credit_hours": 0, "gender": null}}, {"model": "course_allocation.semester", "pk": 1, "fields": {"count": "1st", "has_sections": 2}}, {"model": "course_allocation.semester", "pk": 3, "fields": {"count": "3rd", "has_sections": 3}}, {"model": "course_allocation.semester", "pk": 5, "fields": {"count": "5th", "has_sections": 1}}, {"model": "course_allocation.semester", "pk": 7, "fields": {"count": "7th", "has_sections": 3}}, {"model": "course_allocation.section", "pk": 1, "fields": {"name": "A"}}, {"model": "course_allocation.section", "pk": 2, "fields": {"name": "B"}}, {"model": "course_allocation.section", "pk": 3, "fields": {"name": "C"}}, {"model": "course_allocation.course", "pk": 1, "fields": {"code": "SE101", "name": "Introduction to Software Engineering", "credit_hours": 2, "abbr": "ISE", "crs_coordinator_id": null, "crs_for_semesters_id": [7]}}, {"model": "course_allocation.course", "pk": 2, "fields": {"code": "CS102", "name": "Data Structures & Algorithms", "credit_hours": 2, "abbr": "DSA", "crs_coordinator_id": null, "crs_for_semesters_id": [1, 3]}}, {"model": "course_allocation.course", "pk": 3, "fields": {"code": "DB104", "name": "Database Management Systems", "credit_hours": 3, "abbr": "DBMS", "crs_coordinator_id": null, "crs_for_semesters_id": [5, 7]}}, {"model": "course_allocation.course", "pk": 4, "fields": {"code": "OS105", "name": "Operating Systems", "credit_hours": 2, "abbr": "OS", "crs_coordinator_id": null, "crs_for_semesters_id": [5]}}, {"model": "course_allocation.course", "pk": 5, "fields": {"code": "CN106", "name": "Computer Networks Theory", "credit_hours": 3, "abbr": "CN", "crs_coordinator_id": null, "crs_for_semesters_id": [3, 5]}}, {"model": "course_allocation.course", "pk": 6, "fields": {"code": "CN107", "name": "Computer Networks Lab", "credit_hours": 1, "abbr": "CN Lab", "crs_coordinator_id": null, "crs_for_semesters_id": [1]}}, {"model": "course_allocation.course", "pk": 7, "fields": {"code": "AI107", "name": "Artificial Intelligence", "credit_hours": 3, "abbr": "AI", "crs_coordinator_id": null, "crs_for_semesters_id": [1]}}, {"model": "course_allocation.course", "pk": 8, "fields": {"code": "WD108", "name": "Web Engineering Theory", "credit_hours": 3, "abbr": "WE", "crs_coordinator_id": null, "crs_for_semesters_id": [5]}}, {"model": "course_allocation.course", "pk": 9, "fields": {"code": "WD109", "name": "Web Engineering Lab", "credit_hours": 1, "abbr": "WE Lab", "crs_coordinator_id": null, "crs_for_semesters_id": [3, 7]}}, {"model": "course_allocation.course", "pk": 10, "fields": {"code": "MC109", "name": "Mobile Computing", "credit_hours": 2, "abbr": "MC", "crs_coordinator_id": null, "crs_for_semesters_id": [1, 5]}}, {"model": "course_allocation.course", "pk": 11, "fields": {"code": "SPM110", "name": "Software Project Management", "credit_hours": 3, "abbr": "SPM", "crs_coordinator_id": null, "crs_for_semesters_id": [5]}}, {"model": "course_allocation.class", "pk": 1, "fields": {"class_semester_id": 1, "class_section_id": 1, "course_advisor_id": 3}}, {"model": "course_allocation.class", "pk": 2, "fields": {"class_semester_id": 1, "class_section_id": 2, "course_advisor_id": 5}}, {"model": "course_allocation.class", "pk": 3, "fields": {"class_semester_id": 3, "class_section_id": 1, "course_advisor_id": 3}}, {"model": "course_allocation.class", "pk": 4, "fields": {"class_semester_id": 3, "class_section_id": 2, "course_advisor_id": 7}}, {"model": "course_allocation.class", "pk": 5, "fields": {"class_semester_id": 3, "class_section_id": 3, "course_advisor_id": 10}}, {"model": "course_allocation.class", "pk": 6, "fields": {"class_semester_id": 5, "class_section_id": 1, "course_advisor_id": 9}}, {"model": "course_allocation.class", "pk": 7, "fields": {"class_semester_id": 7, "class_section_id": 1, "course_advisor_id": 4}}, {"model": "course_allocation.class", "pk": 8, "fields": {"class_semester_id": 7, "class_section_id": 2, "course_advisor_id": 6}}, {"model": "course_allocation.class", "pk": 9, "fields": {"class_semester_id": 7, "class_section_id": 3, "course_advisor_id": 5}}, {"model": "course_allocation.lecture", "pk": 1, "fields": {"lec_class_id": 7, "lec_course_id": 1, "lec_instr_id": 9}}, {"model": "course_allocation.lecture", "pk": 2, "fields": {"lec_class_id": 8, "lec_course_id": 1, "lec_instr_id": 9}}, {"model": "course_allocation.lecture", "pk": 3, "fields": {"lec_class_id": 9, "lec_course_id": 1, "lec_instr_id": 9}}, {"model": "course_allocation.lecture", "pk": 4, "fields": {"lec_class_id": 1, "lec_course_id": 2, "lec_instr_id": 8}}, {"model": "course_allocation.lecture", "pk": 5, "fields": {"lec_class_id": 2, "lec_course_id": 2, "lec_instr_id": 8}}, {"model": "course_allocation.lecture", "pk": 6, "fields": {"lec_class_id": 3, "lec_course_id": 2, "lec_instr_id": 8}}, {"model": "course_allocation.lecture", "pk": 7, "fields": {"lec_class_id": 4, "lec_course_id": 2, "lec_instr_id": 8}}, {"model": "course_allocation.lecture", "pk": 8, "fields": {"lec_class_id": 5, "lec_course_id": 2, "lec_instr_id": null}}, {"model": "course_allocation.lecture", "pk": 9, "fields": {"lec_class_id": 6, "lec_course_id": 3, "lec_instr_id": 10}}, {"model": "course_allocation.lecture", "pk": 10, "fields": {"lec_class_id": 7, "lec_course_id": 3, "lec_instr_id": 10}}, {"model": "course_allocation.lecture", "pk": 11, "fields": {"lec_class_id": 8, "lec_course_id": 3, "lec_instr_id": 10}}, {"model": "course_allocation.lecture", "pk": 12, "fields": {"lec_class_id": 9, "lec_course_id": 3, "lec_instr_id": null}}, {"model": "course_allocation.lecture", "pk": 13, "fields": {"lec_class_id": 6, "lec_course_id": 4, "lec_instr_id": 5}}, {"model": "course_allocation.lecture", "pk": 14, "fields": {"lec_class_id": 3, "lec_course_id": 5, "lec_instr_id": null}}, {"model": "course_allocation.lecture", "pk": 15, "fields": {"lec_class_id": 4, "lec_course_id": 5, "lec_instr_id": null}}, {"model": "course_allocation.lecture", "pk": 16, "fields": {"lec_class_id": 5, "lec_course_id": 5, "lec_instr_id": null}}, {"model": "course_allocation.lecture", "pk": 17, "fields": {"lec_class_id": 6, "lec_course_id": 5, "lec_instr_id": null}}, {"model": "course_allocation.lecture", "pk": 18, "fields": {"lec_class_id": 1, "lec_course_id": 6, "lec_instr_id": null}}, {"model": "course_allocation.lecture", "pk": 19, "fields": {"lec_class_id": 2, "lec_course_id": 6, "lec_instr_id": null}}, {"model": "course_allocation.lecture", "pk": 20, "fields": {"lec_class_id": 1, "lec_course_id": 7, "lec_instr_id": 7}}, {"model": "course_allocation.lecture", "pk": 21, "fields": {"lec_class_id": 2, "lec_course_id": 7, "lec_instr_id": 7}}, {"model": "course_allocation.lecture", "pk": 22, "fields": {"lec_class_id": 6, "lec_course_id": 8, "lec_instr_id": null}}, {"model": "course_allocation.lecture", "pk": 23, "fields": {"lec_class_id": 3, "lec_course_id": 9, "lec_instr_id": 6}}, {"model": "course_allocation.lecture", "pk": 24, "fields": {"lec_class_id": 4, "lec_course_id": 9, "lec_instr_id": null}}, {"model": "course_allocation.lecture", "pk": 25, "fields": {"lec_class_id": 5, "lec_course_id": 9, "lec_instr_id": null}}, {"model": "course_allocation.lecture", "pk": 26, "fields": {"lec_class_id": 7, "lec_course_id": 9, "lec_instr_id": null}}, {"model": "course_allocation.lecture", "pk": 27, "fields": {"lec_class_id": 8, "lec_course_id": 9, "lec_instr_id": null}}, {"model": "course_allocation.lecture", "pk": 28, "fields": {"lec_class_id": 9, "lec_course_id": 9, "lec_instr_id": null}}, {"model": "course_allocation.lecture", "pk": 29, "fields": {"lec_class_id": 1, "lec_course_id": 10, "lec_instr_id": 7}}, {"model": "course_allocation.lecture", "pk": 30, "fields": {"lec_class_id": 2, "lec_course_id": 10, "lec_instr_id": null}}, {"model": "course_allocation.lecture", "pk": 31, "fields": {"lec_class_id": 6, "lec_course_id": 10, "lec_instr_id": null}}, {"model": "course_allocation.lecture", "pk": 32, "fields": {"lec_class_id": 6, "lec_course_id": 11, "lec_instr_id": 4}}]